Title,Link,Image,Author,Date,Body
ایرانی صدر نے اپنے اور ٹرمپ کے دستخط شدہ معاہدے کی کاپی میڈیا کے ساتھ شیئر کر دی,https://express.pk/story/2818039/iranian-president-shares-copy-of-agreement-he-and-trump-signed-with-media-2818039,https://img.express.pk/logo/facebook-16.webp,N/A,N/A,"['\n                                                        صفحۂ اول\n                                                    ', '\n                                                        تازہ ترین\n                                                    ']"
پاکستان میں اب ڈالر کمانا بہت آسان ہوگیا، فیس بک نے بہت بڑی خوشخبری سنا دی,https://www.express.pk/story/2818355/it-has-now-become-very-easy-to-earn-dollars-in-pakistan-facebook-has-announced-great-news-2818355,https://img.express.pk/logo/facebook-16.webp,N/A,N/A,"['\n                                                        صفحۂ اول\n                                                    ', '\n                                                        تازہ ترین\n                                                    ']"
سرکاری و نجی ملازمین کے لیے متوازن نظام کی ضرورت,https://www.express.pk/story/2818322/need-for-a-balanced-system-for-public-and-private-employees-2818322,https://img.express.pk/logo/facebook-16.webp,N/A,N/A,"['\n                                                        صفحۂ اول\n                                                    ', '\n                                                        تازہ ترین\n                                                    ']"
مدد کیلئے شیاطین کو بلانے والی جادوئی منتر لکھی قدیم تختی دریافت,https://express.pk/story/2818299/ancient-magical-tablet-2818299,https://img.express.pk/logo/facebook-16.webp,N/A,N/A,"['\n                                                        صفحۂ اول\n                                                    ', '\n                                                        تازہ ترین\n                                                    ']"
بیوی کو ذبح کرکے لاش قبرستان میں پھینکنے والا ملزم پولیس مقابلے میں مارا گیا,https://express.pk/story/2818394/the-accused-who-slaughtered-his-wife-and-threw-her-body-in-the-cemetery-was-killed-in-a-police-encounter-2818394,https://img.express.pk/logo/facebook-16.webp,N/A,N/A,"['\n                                                        صفحۂ اول\n                                                    ', '\n                                                        تازہ ترین\n                                                    ']"
آم ضرور کھائیں، مگر حد سے زیادہ نہیں! پسندیدہ پھل کے ممکنہ نقصانات بھی جان لیجیے,https://express.pk/story/2818151/eat-mangoes-but-not-too-much-also-know-the-possible-harms-of-your-favorite-fruit-2818151,https://img.express.pk/logo/facebook-16.webp,N/A,N/A,"['\n                                                        صفحۂ اول\n                                                    ', '\n                                                        تازہ ترین\n                                                    ']"
بلند آواز میں چیخنے کا ریکارڈ آسٹریلوی شہری کے نام,https://express.pk/story/2818316/aussie-town-criers-1224-decibel-yell-earns-guinness-world-record-2818316,https://img.express.pk/logo/facebook-16.webp,N/A,N/A,"['\n                                                        صفحۂ اول\n                                                    ', '\n                                                        تازہ ترین\n                                                    ']"
پاکستان میں اب ڈالر کمانا بہت آسان ہوگیا، فیس بک نے بہت بڑی خوشخبری سنا دی,https://express.pk/story/2818355/it-has-now-become-very-easy-to-earn-dollars-in-pakistan-facebook-has-announced-great-news-2818355,https://img.express.pk/logo/facebook-16.webp,N/A,N/A,"['\n                                                        صفحۂ اول\n                                                    ', '\n                                                        تازہ ترین\n                                                    ']"
بلند آواز میں چیخنے کا ریکارڈ آسٹریلوی شہری کے نام,https://www.express.pk/story/2818316/aussie-town-criers-1224-decibel-yell-earns-guinness-world-record-2818316,https://img.express.pk/logo/facebook-16.webp,N/A,N/A,"['\n                                                        صفحۂ اول\n                                                    ', '\n                                                        تازہ ترین\n                                                    ']"
بنوں میں زور دار دھماکا، 7 افراد جاں بحق، 3 زخمی,https://express.pk/story/2818365/powerful-explosion-in-bannu-5-people-killed-7-injured-2818365,https://img.express.pk/logo/facebook-16.webp,N/A,N/A,"['\n                                                        صفحۂ اول\n                                                    ', '\n                                                        تازہ ترین\n                                                    ']"
بنوں میں زور دار دھماکا، 7 افراد جاں بحق، 3 زخمی,https://www.express.pk/story/2818365/powerful-explosion-in-bannu-5-people-killed-7-injured-2818365/,https://img.express.pk/logo/facebook-16.webp,N/A,N/A,"['\n                                                        صفحۂ اول\n                                                    ', '\n                                                        تازہ ترین\n                                                    ']"
21 سال پرانے فراڈ کیس کا فیصلہ جاری، ہرجانہ 50 لاکھ سے 15 کروڑ ہوگیا,https://www.express.pk/story/2818388/verdict-issued-in-21-year-old-fraud-case-damages-increased-from-rs-5-million-to-rs-150-million-2818388,https://img.express.pk/logo/facebook-16.webp,N/A,N/A,"['\n                                                        صفحۂ اول\n                                                    ', '\n                                                        تازہ ترین\n                                                    ']"
لاہاور ایئرپورٹ پر پی آئی اے کی اسکیننگ مشین کو کنٹینر میں بند کرنے کا معاملہ سامنے آ گیا,https://express.pk/story/2818396/the-case-of-pias-scanning-machine-being-locked-in-a-container-at-lahore-airport-has-come-to-light-2818396,https://img.express.pk/logo/facebook-16.webp,N/A,N/A,"['\n                                                        صفحۂ اول\n                                                    ', '\n                                                        تازہ ترین\n                                                    ']"
کوئٹہ میں تیزاب گردی کا شکار لیڈی ڈاکٹر ماہ نور کو علاج کیلیے امریکا بھیجنے کا فیصلہ,https://www.express.pk/story/2818376/decision-to-send-acid-attack-victim-lady-dr-mah-noor-to-america-for-treatment-in-quetta-2818376/,https://img.express.pk/logo/facebook-16.webp,N/A,N/A,"['\n                                                        صفحۂ اول\n                                                    ', '\n                                                        تازہ ترین\n                                                    ']"
’’شوبز کی کمائی حرام ہے‘‘، تنقید پر نعمان اعجاز نے دو ٹوک جواب دے دیا,https://express.pk/story/2818232/showbiz-earnings-are-forbidden-noman-ijaz-responded-bluntly-to-criticism-2818232,https://img.express.pk/logo/facebook-16.webp,N/A,N/A,"['\n                                                        صفحۂ اول\n                                                    ', '\n                                                        تازہ ترین\n                                                    ']"
سرکاری ملازمین کیلیے پیٹرول اور گاڑیوں کی سہولت بحال، جمعہ کی چھٹی ختم,https://www.express.pk/story/2818377/petrol-and-vehicle-facilities-restored-for-government-employees-friday-holiday-ends-2818377/,https://img.express.pk/logo/facebook-16.webp,N/A,N/A,"['\n                                                        صفحۂ اول\n                                                    ', '\n                                                        تازہ ترین\n                                                    ']"
بنوں میں زور دار دھماکا، 7 افراد جاں بحق، 3 زخمی,https://www.express.pk/story/2818365/powerful-explosion-in-bannu-5-people-killed-7-injured-2818365,https://img.express.pk/logo/facebook-16.webp,N/A,N/A,"['\n                                                        صفحۂ اول\n                                                    ', '\n                                                        تازہ ترین\n                                                    ']"
فارماسیوٹیکل اے آئی میں اونٹولوجیکل فرگمنٹیشن کا مسئلہ اور اس کا حل,https://express.pk/story/2817998/the-problem-of-ontological-fragmentation-in-pharmaceutical-ai-and-its-solution-2817998,https://img.express.pk/logo/facebook-16.webp,N/A,N/A,"['\n                                                        صفحۂ اول\n                                                    ', '\n                                                        تازہ ترین\n                                                    ']"
چاول پکانے سے پہلے کتنی بار دھونا چاہیے؟ نئی تحقیق نے دلچسپ حقائق سامنے رکھ دیے,https://express.pk/story/2817833/how-many-times-should-rice-be-washed-before-cooking-2817833,https://img.express.pk/logo/facebook-16.webp,N/A,N/A,"['\n                                                        صفحۂ اول\n                                                    ', '\n                                                        تازہ ترین\n                                                    ']"
ایس آئی ایف کی معاونت؛ خام وسائل کی ویلیو ایڈیشن سے برآمدات میں نمایاں اضافہ,https://www.express.pk/story/2818381/sif-support-significant-increase-in-exports-through-value-addition-of-raw-materials-2818381,https://img.express.pk/logo/facebook-16.webp,N/A,N/A,"['\n                                                        صفحۂ اول\n                                                    ', '\n                                                        تازہ ترین\n                                                    ']"
پاکستانی وزیراعظم اور فیلڈ مارشل عظیم انسان ہیں، ایران سے معاہدے میں پاکستان نے مدد کی؛ ٹرمپ,https://www.express.pk/story/2818344/pakistani-prime-minister-and-field-marshal-are-great-people-pakistan-helped-in-the-deal-with-iran-trump-2818344,https://img.express.pk/logo/facebook-16.webp,N/A,N/A,"['\n                                                        صفحۂ اول\n                                                    ', '\n                                                        تازہ ترین\n                                                    ']"
حکومت نے پیٹرول پر لیوی کی شرح بھی کم کردی، اطلاق فوری ہوگا,https://www.express.pk/story/2818330/petroleum-products-levy-rates-revised-effect-immediately-2818330,https://img.express.pk/logo/facebook-16.webp,N/A,N/A,"['\n                                                        صفحۂ اول\n                                                    ', '\n                                                        تازہ ترین\n                                                    ']"
فیفا ورلڈ کپ: امریکا نے آسٹریلیا کو شکست دے کر تاریخ رقم کردی,https://express.pk/story/2818353/fifa-world-cup-usa-makes-history-by-defeating-australia-2818353,https://img.express.pk/logo/facebook-16.webp,N/A,N/A,"['\n                                                        صفحۂ اول\n                                                    ', '\n                                                        تازہ ترین\n                                                    ']"
کراچی میں سندھ رینجرز کی بڑی کارروائی، فتنۃ الخوارج کا مطلوب دہشتگرد گرفتار,https://www.express.pk/story/2818372/major-operation-by-sindh-rangers-in-karachi-wanted-terrorist-of-fitnatul-khawarij-arrested-2818372/,https://img.express.pk/logo/facebook-16.webp,N/A,N/A,"['\n                                                        صفحۂ اول\n                                                    ', '\n                                                        تازہ ترین\n                                                    ']"
کراچی کے لیے اچھی خبر، آئندہ 3 روز کے موسم کی پیشگوئی جاری,https://www.express.pk/story/2818383/good-news-for-karachi-weather-forecast-for-the-next-3-days-released-2818383/,https://img.express.pk/logo/facebook-16.webp,N/A,N/A,"['\n                                                        صفحۂ اول\n                                                    ', '\n                                                        تازہ ترین\n                                                    ']"
فیفا ورلڈکپ: برازیل نے ہیٹی کو شکست دے گروپ میں ٹاپ پوزیشن حاصل کرلی,https://express.pk/story/2818371/fifa-world-cup-brazil-cruise-past-haiti-to-go-top-of-world-cup-group-2818371,https://img.express.pk/logo/facebook-16.webp,N/A,N/A,"['\n                                                        صفحۂ اول\n                                                    ', '\n                                                        تازہ ترین\n                                                    ']"
شرپسند کالعدم ایکشن کمیٹی کا آزاد جموں و کشمیر کے عوام کے خلاف مکروہ ایجنڈا کھل کر سامنے آ گیا,https://www.express.pk/story/2818392/the-nefarious-agenda-of-the-prohibited-action-committee-against-the-people-of-azad-jammu-and-kashmir-has-been-exposed-2818392,https://img.express.pk/logo/facebook-16.webp,N/A,N/A,"['\n                                                        صفحۂ اول\n                                                    ', '\n                                                        تازہ ترین\n                                                    ']"
سرکاری و نجی ملازمین کے لیے متوازن نظام کی ضرورت,https://express.pk/story/2818322/need-for-a-balanced-system-for-public-and-private-employees-2818322,https://img.express.pk/logo/facebook-16.webp,N/A,N/A,"['\n                                                        صفحۂ اول\n                                                    ', '\n                                                        تازہ ترین\n                                                    ']"
حکومت نے پیٹرولیم مصنوعات کی قیمتوں میں تاریخی کمی کردی,https://express.pk/story/2818290/govt-announce-new-prices-of-petroleum-products-2818290,https://img.express.pk/logo/facebook-16.webp,N/A,N/A,"['\n                                                        صفحۂ اول\n                                                    ', '\n                                                        تازہ ترین\n                                                    ']"
پاکستان میں تقریباً ایک کروڑ بچے تعلیم سے محروم ، خطرناک کام کرنے پر مجبور,https://www.express.pk/story/2818379/nearly-10-million-children-in-pakistan-are-deprived-of-education-and-forced-to-do-dangerous-work-2818379/,https://img.express.pk/logo/facebook-16.webp,N/A,N/A,"['\n                                                        صفحۂ اول\n                                                    ', '\n                                                        تازہ ترین\n                                                    ']"
امریکا: آخری لمحے میں کیے فیصلے نے لاکھوں ڈالر جتوا دیے,https://express.pk/story/2818341/last-minute-lottery-decision-earns-michigan-man-500000-2818341,https://img.express.pk/logo/facebook-16.webp,N/A,N/A,"['\n                                                        صفحۂ اول\n                                                    ', '\n                                                        تازہ ترین\n                                                    ']"
’’چاہت فتح علی خان کے ساتھ گانے کا سوال‘‘؟ شازیہ منظور کے دلچسپ جواب نے محفل لوٹ لی,https://express.pk/story/2818288/question-about-singing-with-chahit-fateh-ali-khan-shazia-manzoor-interesting-answer-2818288,https://img.express.pk/logo/facebook-16.webp,N/A,N/A,"['\n                                                        صفحۂ اول\n                                                    ', '\n                                                        تازہ ترین\n                                                    ']"
فیفا ورلڈکپ: پیراگوئے نے ترکی کو شکست دے کر ایونٹ سے باہر کردیا,https://express.pk/story/2818390/fifa-world-cup-ten-man-paraguay-eliminate-turkey-with-tense-1-0-win-2818390,https://img.express.pk/logo/facebook-16.webp,N/A,N/A,"['\n                                                        صفحۂ اول\n                                                    ', '\n                                                        تازہ ترین\n                                                    ']"
اداکارہ زینب رضا کی ڈرامے میں بولڈ ڈریسنگ، مداحوں کی شدید تنقید,https://www.express.pk/story/2818384/zainab-razas-revealing-outfit-in-drama-rehmat-under-fire-2818384,https://img.express.pk/logo/facebook-16.webp,N/A,N/A,"['\n                                                        صفحۂ اول\n                                                    ', '\n                                                        تازہ ترین\n                                                    ']"
پاکستان کی کینال کالونیاں: دیہی منصوبہ بندی سے جدید نکاسی آب تک کے چیلنجز,https://express.pk/story/2818143/pakistan-canal-colonies-challenges-from-rural-planning-to-modern-drainage-2818143,https://img.express.pk/logo/facebook-16.webp,N/A,N/A,"['\n                                                        صفحۂ اول\n                                                    ', '\n                                                        تازہ ترین\n                                                    ']"
سرداری نظام کے مظالم ,https://www.express.pk/story/2818347/sardari-nizam-ke-muzalim-2818347/,https://img.express.pk/logo/facebook-16.webp,N/A,N/A,"['\n                                                        صفحۂ اول\n                                                    ', '\n                                                        تازہ ترین\n                                                    ']"
لاہور؛ 12 سالہ بچی کے ساتھ زیادتی کا ملزم گرفتار کرلیا گیا,https://www.express.pk/story/2818389/lahore-suspect-arrested-for-raping-12-year-old-girl-2818389,https://img.express.pk/logo/facebook-16.webp,N/A,N/A,"['\n                                                        صفحۂ اول\n                                                    ', '\n                                                        تازہ ترین\n                                                    ']"
پریانکا چوپڑا کی والدہ نے خوبصورت بالوں کا راز بتادیا، گھریلو ہیئر ماسک کی ترکیب شیئر کردی,https://express.pk/story/2817927/priyanka-chopra-mother-reveals-the-secret-to-beautiful-hair-shares-recipe-for-homemade-hair-mask-2817927,https://img.express.pk/logo/facebook-16.webp,N/A,N/A,"['\n                                                        صفحۂ اول\n                                                    ', '\n                                                        تازہ ترین\n                                                    ']"
مصنوعی کششِ ثقل والے خلائی اسٹیشنز حقیقت کے قریب تر,https://express.pk/story/2818324/humans-will-soon-be-able-to-spend-longer-in-space-2818324,https://img.express.pk/logo/facebook-16.webp,N/A,N/A,"['\n                                                        صفحۂ اول\n                                                    ', '\n                                                        تازہ ترین\n                                                    ']"
صرف ایک ریل سے 76 لاکھ بھارتی روپے، انفلوئنسر اوری نے اپنی ہوشربا کمائی بتادی,https://express.pk/story/2818089/millions-indian-rupees-from-just-one-reel-influencer-ory-reveals-his-impressive-earnings-2818089,https://img.express.pk/logo/facebook-16.webp,N/A,N/A,"['\n                                                        صفحۂ اول\n                                                    ', '\n                                                        تازہ ترین\n                                                    ']"
اس تصویر میں چھپا ہوا آدمی آپ کو گھور رہا ہے، کیا آپ 10 سیکنڈ میں اسے ڈھونڈ سکتے ہیں؟,https://express.pk/story/2818160/there-is-a-man-hiding-in-this-picture-staring-at-you-can-you-find-him-in-10-seconds-2818160,https://img.express.pk/logo/facebook-16.webp,N/A,N/A,"['\n                                                        صفحۂ اول\n                                                    ', '\n                                                        تازہ ترین\n                                                    ']"
کراچی میں سندھ رینجرز کی بڑی کارروائی، فتنۃ الخوارج کا مطلوب دہشتگرد گرفتار,https://www.express.pk/story/2818372/major-operation-by-sindh-rangers-in-karachi-wanted-terrorist-of-fitnatul-khawarij-arrested-2818372,https://img.express.pk/logo/facebook-16.webp,N/A,N/A,"['\n                                                        صفحۂ اول\n                                                    ', '\n                                                        تازہ ترین\n                                                    ']"
ایران امریکا معاہدے کو سبوتاژ کرنے کی ہر کوشش پر چوکس رہنا ہوگا، وزیراعظم اور سعودی ولی عہد کا اتفاق,https://www.express.pk/story/2818312/pm-shahbaz-and-crown-prince-agree-to-be-vigilant-against-any-attempt-to-sabotage-the-iran-us-agreement-2818312,https://img.express.pk/logo/facebook-16.webp,N/A,N/A,"['\n                                                        صفحۂ اول\n                                                    ', '\n                                                        تازہ ترین\n                                                    ']"
حاملہ خواتین 45 کیمیکلز کے زیر اثر رہتی ہیں، تحقیق میں انکشاف,https://express.pk/story/2817995/pregnant-woman-exposed-to-45-common-chemicals-2817995,https://img.express.pk/logo/facebook-16.webp,N/A,N/A,"['\n                                                        صفحۂ اول\n                                                    ', '\n                                                        تازہ ترین\n                                                    ']"
پاکستان میں تقریباً ایک کروڑ بچے تعلیم سے محروم ، خطرناک کام کرنے پر مجبور,https://www.express.pk/story/2818379/nearly-10-million-children-in-pakistan-are-deprived-of-education-and-forced-to-do-dangerous-work-2818379,https://img.express.pk/logo/facebook-16.webp,N/A,N/A,"['\n                                                        صفحۂ اول\n                                                    ', '\n                                                        تازہ ترین\n                                                    ']"
وفاقی وزیر کا پیٹرولیم مصنوعات کی قیتموں میں کمی کا عندیہ، اعلیٰ سطحی کمیٹی تشکیل,https://express.pk/story/2818073/federal-minister-hints-at-reduction-in-petroleum-prices-high-level-committee-formed-2818073,https://img.express.pk/logo/facebook-16.webp,N/A,N/A,"['\n                                                        صفحۂ اول\n                                                    ', '\n                                                        تازہ ترین\n                                                    ']"
حج و عمرہ فراڈ اور انسانی اسمگلنگ؛ 15 سال سے مفرور ریڈبک کا ملزم گرفتار,https://www.express.pk/story/2818385/hajj-and-umrah-fraud-and-human-trafficking-redbuck-accused-absconding-for-15-years-arrested-2818385/,https://img.express.pk/logo/facebook-16.webp,N/A,N/A,"['\n                                                        صفحۂ اول\n                                                    ', '\n                                                        تازہ ترین\n                                                    ']"
لبنان کو مقبوضہ مغربی کنارہ بنانے کی تیاری ,https://www.express.pk/story/2818349/lebanon-ko-muqboza-maghribi-kinara-bananay-ki-tayari-2818349/,https://img.express.pk/logo/facebook-16.webp,N/A,N/A,"['\n                                                        صفحۂ اول\n                                                    ', '\n                                                        تازہ ترین\n                                                    ']"
عالمی امن معاہدے میں سب سے بڑا کردار فیلڈ مارشل کا ہے، وزیراعظم,https://express.pk/story/2818235/national-assembly-session-prime-minister-is-expressing-his-views-2818235,https://img.express.pk/logo/facebook-16.webp,N/A,N/A,"['\n                                                        صفحۂ اول\n                                                    ', '\n                                                        تازہ ترین\n                                                    ']"
لاپرواہی سے یوٹرن لینا مہنگا پڑ گیا، موٹرسائیکل سوار جان کی بازی ہار گیا,https://express.pk/story/2818393/a-reckless-u-turn-turned-out-to-be-costly-and-the-motorcyclist-lost-his-life-2818393,https://img.express.pk/logo/facebook-16.webp,N/A,N/A,"['\n                                                        صفحۂ اول\n                                                    ', '\n                                                        تازہ ترین\n                                                    ']"
پیٹرولیم مصنوعات کی قیمتوں میں 20 جون سے بڑی کمی کا امکان,https://express.pk/story/2818123/major-cut-in-petroleum-product-prices-expected-from-june-20-2818123,https://img.express.pk/logo/facebook-16.webp,N/A,N/A,"['\n                                                        صفحۂ اول\n                                                    ', '\n                                                        تازہ ترین\n                                                    ']"
کالعدم ایکشن کمیٹی کی تمام سازشیں ناکام، آزاد کشمیر میں انتخابی سرگرمیاں عروج پر پہنچ گئیں,https://express.pk/story/2818397/all-the-conspiracies-of-the-banned-action-committee-failed-election-activities-reached-their-peak-in-azad-kashmir-2818397,https://img.express.pk/logo/facebook-16.webp,N/A,N/A,"['\n                                                        صفحۂ اول\n                                                    ', '\n                                                        تازہ ترین\n                                                    ']"
فیکٹ چیک: تھائی لینڈ کی ویڈیو پاکستانی فوجی افسر سے منسوب کرنے کی بھارتی کوشش ناکام,https://express.pk/story/2815682/fact-check-viral-video-does-not-show-dgc-being-assaulted-in-thailand-2815682,https://img.express.pk/logo/facebook-16.webp,N/A,N/A,"['\n                                                        صفحۂ اول\n                                                    ', '\n                                                        تازہ ترین\n                                                    ']"
طرز حکمرانی آج بھی سوالیہ نشان ہے؟ ,https://www.express.pk/story/2818351/tarz-e-hukmrani-aaj-bhi-sawaliya-nishan-hai-2818351/,https://img.express.pk/logo/facebook-16.webp,N/A,N/A,"['\n                                                        صفحۂ اول\n                                                    ', '\n                                                        تازہ ترین\n                                                    ']"
طالبان حکومت کے ڈرون کی پاکستانی حدود میں داخلے کی کوشش، پاک فضائیہ کے دفاعی نظام نے تباہ کردیا,https://express.pk/story/2818255/afghan-talibans-misleading-claim-of-drone-strikes-in-pakistani-border-areas-rejected-2818255,https://img.express.pk/logo/facebook-16.webp,N/A,N/A,"['\n                                                        صفحۂ اول\n                                                    ', '\n                                                        تازہ ترین\n                                                    ']"
گیمرز کا انتظار ختم ہونے کے قریب، جی ٹی اے 6 کے پری آرڈرز کی تاریخ سامنے آگئی,https://express.pk/story/2818220/gamers-wait-is-almost-over-gta-6-release-date-revealed-2818220,https://img.express.pk/logo/facebook-16.webp,N/A,N/A,"['\n                                                        صفحۂ اول\n                                                    ', '\n                                                        تازہ ترین\n                                                    ']"
اینٹارکٹیکا کا بیکٹیریا کینسر کے علاج میں انقلاب برپا کر سکتا ہے: تحقیق,https://express.pk/story/2818328/the-antarctic-bacterium-that-could-be-key-to-new-cancer-treatments-2818328,https://img.express.pk/logo/facebook-16.webp,N/A,N/A,"['\n                                                        صفحۂ اول\n                                                    ', '\n                                                        تازہ ترین\n                                                    ']"
فیفا ورلڈکپ: جرمن ٹیم کی جہاز میں بیٹھنے سے قبل مجرموں کی طرح تلاشی کی ویڈیو وائرل,https://express.pk/story/2818378/fifa-world-cup-germanys-players-underwent-strict-security-checks-before-leaving-us-2818378,https://img.express.pk/logo/facebook-16.webp,N/A,N/A,"['\n                                                        صفحۂ اول\n                                                    ', '\n                                                        تازہ ترین\n                                                    ']"
کہانی سعیدہ خاتون کی ,https://www.express.pk/story/2818348/kahani-saeeda-khaton-ki-2818348/,https://img.express.pk/logo/facebook-16.webp,N/A,N/A,"['\n                                                        صفحۂ اول\n                                                    ', '\n                                                        تازہ ترین\n                                                    ']"
ویک اینڈ پر زیادہ دیر تک سونا نقصان دہ بھی ہوسکتا ہے,https://express.pk/story/2818321/sleeping-in-too-long-on-weekends-can-also-be-harmful-2818321,https://img.express.pk/logo/facebook-16.webp,N/A,N/A,"['\n                                                        صفحۂ اول\n                                                    ', '\n                                                        تازہ ترین\n                                                    ']"
کوئٹہ سول اسپتال میں چوہوں کی بھرمار؟ وائرل ویڈیو کی حقیقت کیا ہے؟,https://express.pk/story/2816925/quetta-civil-hospital-is-full-of-rats-what-is-the-truth-behind-the-viral-video-2816925,https://img.express.pk/logo/facebook-16.webp,N/A,N/A,"['\n                                                        صفحۂ اول\n                                                    ', '\n                                                        تازہ ترین\n                                                    ']"
حج و عمرہ فراڈ اور انسانی اسمگلنگ؛ 15 سال سے مفرور ریڈبک کا ملزم گرفتار,https://express.pk/story/2818385/hajj-and-umrah-fraud-and-human-trafficking-redbuck-accused-absconding-for-15-years-arrested-2818385,https://img.express.pk/logo/facebook-16.webp,N/A,N/A,"['\n                                                        صفحۂ اول\n                                                    ', '\n                                                        تازہ ترین\n                                                    ']"
بیوی کو ذبح کرکے لاش قبرستان میں پھینکنے والا ملزم پولیس مقابلے میں مارا گیا,https://www.express.pk/story/2818394/the-accused-who-slaughtered-his-wife-and-threw-her-body-in-the-cemetery-was-killed-in-a-police-encounter-2818394,https://img.express.pk/logo/facebook-16.webp,N/A,N/A,"['\n                                                        صفحۂ اول\n                                                    ', '\n                                                        تازہ ترین\n                                                    ']"
کراچی میں ٹرانسپوٹرز کی ہڑتال تیسرے روز بھی جاری، شہریوں کو شدید مشکلات کا سامنا,https://www.express.pk/story/2818358/transporters-strike-in-karachi-continues-for-third-day-2818358,https://img.express.pk/logo/facebook-16.webp,N/A,N/A,"['\n                                                        صفحۂ اول\n                                                    ', '\n                                                        تازہ ترین\n                                                    ']"
پاکستانی فری لانسرز نے ایک ارب ڈالر کا سنگِ میل عبور کر لیا,https://www.express.pk/story/2818354/pakistani-freelancers-cross-1-billion-milestone-2818354,https://img.express.pk/logo/facebook-16.webp,N/A,N/A,"['\n                                                        صفحۂ اول\n                                                    ', '\n                                                        تازہ ترین\n                                                    ']"
کوئٹہ میں تیزاب گردی کا شکار لیڈی ڈاکٹر ماہ نور کو علاج کیلیے امریکا بھیجنے کا فیصلہ,https://www.express.pk/story/2818376/decision-to-send-acid-attack-victim-lady-dr-mah-noor-to-america-for-treatment-in-quetta-2818376,https://img.express.pk/logo/facebook-16.webp,N/A,N/A,"['\n                                                        صفحۂ اول\n                                                    ', '\n                                                        تازہ ترین\n                                                    ']"
کراچی کے لیے اچھی خبر، آئندہ 3 روز کے موسم کی پیشگوئی جاری,https://www.express.pk/story/2818383/good-news-for-karachi-weather-forecast-for-the-next-3-days-released-2818383,https://img.express.pk/logo/facebook-16.webp,N/A,N/A,"['\n                                                        صفحۂ اول\n                                                    ', '\n                                                        تازہ ترین\n                                                    ']"
بلوچستان میں عوامی سہولیات کی بہتری  کیلیے حکومتی عزم عملی اقدامات میں تبدیل,https://www.express.pk/story/2818380/governments-commitment-to-improving-public-facilities-in-balochistan-translated-into-practical-steps-2818380/,https://img.express.pk/logo/facebook-16.webp,N/A,N/A,"['\n                                                        صفحۂ اول\n                                                    ', '\n                                                        تازہ ترین\n                                                    ']"
آئی فون 18 خریداروں کے لیے بری خبر؟ ایپل نے اہم اشارہ دے دیا,https://express.pk/story/2818142/bad-news-for-iphone-18-buyers-apple-hints-at-major-price-hike-2818142,https://img.express.pk/logo/facebook-16.webp,N/A,N/A,"['\n                                                        صفحۂ اول\n                                                    ', '\n                                                        تازہ ترین\n                                                    ']"
سرکاری ملازمین کیلیے پیٹرول اور گاڑیوں کی سہولت بحال، جمعہ کی چھٹی ختم,https://www.express.pk/story/2818377/petrol-and-vehicle-facilities-restored-for-government-employees-friday-holiday-ends-2818377,https://img.express.pk/logo/facebook-16.webp,N/A,N/A,"['\n                                                        صفحۂ اول\n                                                    ', '\n                                                        تازہ ترین\n                                                    ']"
گرمی بڑھتے ہی مزاج کیوں بگڑ جاتا ہے؟ ماہرین نے غصے اور جھگڑوں کی سائنسی وجہ بتادی,https://express.pk/story/2817993/why-does-mood-deteriorate-as-the-temperature-rises-experts-reveal-the-scientific-reason-for-anger-2817993,https://img.express.pk/logo/facebook-16.webp,N/A,N/A,"['\n                                                        صفحۂ اول\n                                                    ', '\n                                                        تازہ ترین\n                                                    ']"
لاہور؛ 12 سالہ بچی کے ساتھ زیادتی کا ملزم گرفتار کرلیا گیا,https://www.express.pk/story/2818389/lahore-suspect-arrested-for-raping-12-year-old-girl-2818389/,https://img.express.pk/logo/facebook-16.webp,N/A,N/A,"['\n                                                        صفحۂ اول\n                                                    ', '\n                                                        تازہ ترین\n                                                    ']"
گھانا: گول کیپر نے مبینہ طور پر مخالف کھلاڑی کو جان سے مار دیا، ویڈیو وائرل,https://express.pk/story/2818266/ghana-player-dies-in-tragic-goalkeeper-collision-2818266,https://img.express.pk/logo/facebook-16.webp,N/A,N/A,"['\n                                                        صفحۂ اول\n                                                    ', '\n                                                        تازہ ترین\n                                                    ']"
جنگ بندی کے باوجود اسرائیل کے لبنان پر حملے، 7 افراد جاں بحق,https://express.pk/story/2818368/israel-continues-attacks-on-lebanon-despite-agreeing-to-ceasefire-2818368,https://img.express.pk/logo/facebook-16.webp,N/A,N/A,"['\n                                                        صفحۂ اول\n                                                    ', '\n                                                        تازہ ترین\n                                                    ']"
وزیراعظم کی جانب سے پیٹرولیم مصنوعات کی قیمتوں میں کمی کا اعلان متوقع,https://express.pk/story/2818096/prime-minister-expected-to-announce-reduction-in-petroleum-product-prices-today-2818096,https://img.express.pk/logo/facebook-16.webp,N/A,N/A,"['\n                                                        صفحۂ اول\n                                                    ', '\n                                                        تازہ ترین\n                                                    ']"
بائنری اسٹار سسٹم سے متعلق ایک نادر دریافت,https://express.pk/story/2818340/scientists-discover-remnants-2818340,https://img.express.pk/logo/facebook-16.webp,N/A,N/A,"['\n                                                        صفحۂ اول\n                                                    ', '\n                                                        تازہ ترین\n                                                    ']"
این سی سی آئی اے کا کراچی میں غیر قانونی کال سینٹرز کے خلاف بڑا کریک ڈاؤن,https://www.express.pk/story/2818230/nccia-launches-major-crackdown-against-illegal-call-centers-in-karachi-2818230,https://img.express.pk/logo/facebook-16.webp,N/A,N/A,"['\n                                                        صفحۂ اول\n                                                    ', '\n                                                        تازہ ترین\n                                                    ']"
کراچی میں منشیات فروشوں کیخلاف مقدمات تیز، 2 ملزمان کو عمر قید کی سزا,https://www.express.pk/story/2818364/cases-against-drug-dealers-intensify-in-karachi-2-accused-sentenced-to-life-imprisonment-2818364,https://img.express.pk/logo/facebook-16.webp,N/A,N/A,"['\n                                                        صفحۂ اول\n                                                    ', '\n                                                        تازہ ترین\n                                                    ']"
خواتین آج بھی عدم تحفظ کا شکار,https://express.pk/story/2817632/women-are-still-insecure-today-2817632,https://img.express.pk/logo/facebook-16.webp,N/A,N/A,"['\n                                                        صفحۂ اول\n                                                    ', '\n                                                        تازہ ترین\n                                                    ']"
اردو ادب نوبل انعام سے محروم کیوں؟,https://express.pk/story/2817835/why-was-urdu-literature-deprived-of-the-nobel-prize-2817835,https://img.express.pk/logo/facebook-16.webp,N/A,N/A,"['\n                                                        صفحۂ اول\n                                                    ', '\n                                                        تازہ ترین\n                                                    ']"
افغان طالبان کے حالیہ اقدامات کو ملک کے سرکاری قوانین کا درجہ دینا ناقابل قبول قرار,https://express.pk/story/2818375/afghan-taliban-and-their-citizens-2818375,https://img.express.pk/logo/facebook-16.webp,N/A,N/A,"['\n                                                        صفحۂ اول\n                                                    ', '\n                                                        تازہ ترین\n                                                    ']"
حجاب کے بغیر گانے پر ایرانی گلوکارہ کو 74 کوڑوں کی سزا؟ عالمی سطح پر تشویش کی لہر,https://express.pk/story/2818314/iranian-singer-sentenced-to-74-lashes-for-singing-without-hijab-global-concern-2818314,https://img.express.pk/logo/facebook-16.webp,N/A,N/A,"['\n                                                        صفحۂ اول\n                                                    ', '\n                                                        تازہ ترین\n                                                    ']"
بجٹ اور فلاح و بہبود اور غربت میں اضافہ ,https://www.express.pk/story/2818350/budget-aur-falah-o-behbood-aur-ghurbat-mein-izafa-2818350/,https://img.express.pk/logo/facebook-16.webp,N/A,N/A,"['\n                                                        صفحۂ اول\n                                                    ', '\n                                                        تازہ ترین\n                                                    ']"
پیٹرول اور ڈیزل کے بعد مٹی کے تیل کی قیمت میں بھی بڑی کمی,https://www.express.pk/story/2818369/after-petrol-and-diesel-there-has-been-a-big-reduction-in-the-price-of-kerosene-2818369,https://img.express.pk/logo/facebook-16.webp,N/A,N/A,"['\n                                                        صفحۂ اول\n                                                    ', '\n                                                        تازہ ترین\n                                                    ']"
ایس آئی ایف کی معاونت؛ خام وسائل کی ویلیو ایڈیشن سے برآمدات میں نمایاں اضافہ,https://express.pk/story/2818381/sif-support-significant-increase-in-exports-through-value-addition-of-raw-materials-2818381,https://img.express.pk/logo/facebook-16.webp,N/A,N/A,"['\n                                                        صفحۂ اول\n                                                    ', '\n                                                        تازہ ترین\n                                                    ']"
فیفا ورلڈکپ: جرمن ٹیم کی جہاز میں بیٹھنے سے قبل مجرموں کی طرح تلاشی کی ویڈیو وائرل,https://www.express.pk/story/2818378/fifa-world-cup-germanys-players-underwent-strict-security-checks-before-leaving-us-2818378,https://img.express.pk/logo/facebook-16.webp,N/A,N/A,"['\n                                                        صفحۂ اول\n                                                    ', '\n                                                        تازہ ترین\n                                                    ']"
تم چُپ رہو، اقوام متحدہ میں اسرائیلی سفیر نے مسلح تنازعات میں جنسی تشدد کی نمائندہ کو خاموش کرادیا,https://express.pk/story/2818387/israeli-envoy-shouts-be-quiet-at-un-official-during-sexual-violence-in-conflict-event-2818387,https://img.express.pk/logo/facebook-16.webp,N/A,N/A,"['\n                                                        صفحۂ اول\n                                                    ', '\n                                                        تازہ ترین\n                                                    ']"
بلڈ پریشر نارمل ہوتے ہی ازخود دوا چھوڑ دینا خطرناک ثابت ہوسکتا ہے، ماہرین کی تنبیہ,https://express.pk/story/2818141/stopping-medication-as-soon-as-blood-pressure-returns-to-normal-can-be-dangerous-2818141,https://img.express.pk/logo/facebook-16.webp,N/A,N/A,"['\n                                                        صفحۂ اول\n                                                    ', '\n                                                        تازہ ترین\n                                                    ']"
موبائل سمز کی ملکیت ایک سال سے پہلے ختم نہیں ہوسکتی، کیا یہ دعویٰ درست ہے؟,https://express.pk/story/2816085/fact-check-ownership-of-mobile-sims-cannot-expire-before-one-year-is-this-claim-true-2816085,https://img.express.pk/logo/facebook-16.webp,N/A,N/A,"['\n                                                        صفحۂ اول\n                                                    ', '\n                                                        تازہ ترین\n                                                    ']"
ایل پی جی سلنڈروں کی ’ایکسپائری ڈیٹ‘ کا وائرل دعویٰ غلط نکلا، اوگرا نے حقیقت واضح کردی,https://express.pk/story/2816906/viral-claim-about-lpg-cylinders-expiration-date-turns-out-to-be-false-ogra-clarifies-the-truth-2816906,https://img.express.pk/logo/facebook-16.webp,N/A,N/A,"['\n                                                        صفحۂ اول\n                                                    ', '\n                                                        تازہ ترین\n                                                    ']"
جسم میں موجود ایک نظر انداز عضو جو کینسر کیخلاف ڈھال بن سکتا ہے!,https://express.pk/story/2817817/a-useless-organ-that-doctors-often-remove-may-actually-fight-cancer-2817817,https://img.express.pk/logo/facebook-16.webp,N/A,N/A,"['\n                                                        صفحۂ اول\n                                                    ', '\n                                                        تازہ ترین\n                                                    ']"
پاکستان نے سفارتی میدان میں بھارت کو پیچھے چھوڑ دیا,https://express.pk/story/2818370/pakistan-defeated-india-in-foreign-relations-2818370,https://img.express.pk/logo/facebook-16.webp,N/A,N/A,"['\n                                                        صفحۂ اول\n                                                    ', '\n                                                        تازہ ترین\n                                                    ']"
لاہور؛ 12 سالہ بچی کے ساتھ زیادتی کا ملزم گرفتار کرلیا گیا,https://express.pk/story/2818389/lahore-suspect-arrested-for-raping-12-year-old-girl-2818389,https://img.express.pk/logo/facebook-16.webp,N/A,N/A,"['\n                                                        صفحۂ اول\n                                                    ', '\n                                                        تازہ ترین\n                                                    ']"
سونے کی فی تولہ قیمت میں 14ہزار روپے سے زائد کی بڑی کمی,https://express.pk/story/2818269/gold-price-per-tola-drops-sharply-by-more-than-rs14000-2818269,https://img.express.pk/logo/facebook-16.webp,N/A,N/A,"['\n                                                        صفحۂ اول\n                                                    ', '\n                                                        تازہ ترین\n                                                    ']"
بلوچستان میں عوامی سہولیات کی بہتری  کیلیے حکومتی عزم عملی اقدامات میں تبدیل,https://express.pk/story/2818380/governments-commitment-to-improving-public-facilities-in-balochistan-translated-into-practical-steps-2818380,https://img.express.pk/logo/facebook-16.webp,N/A,N/A,"['\n                                                        صفحۂ اول\n                                                    ', '\n                                                        تازہ ترین\n                                                    ']"
برطانیہ میں دو ٹرینوں میں تصادم، ڈرائیور ہلاک، 33 زخمی,https://express.pk/story/2818382/driver-dies-and-33-seriously-injured-after-two-trains-collide-in-the-uk-2818382,https://img.express.pk/logo/facebook-16.webp,N/A,N/A,"['\n                                                        صفحۂ اول\n                                                    ', '\n                                                        تازہ ترین\n                                                    ']"
نشہ آور دوا پلاکر14سالہ لڑکی سے جنسی زیادتی اور ویڈیو بنانے والا ملزم اور اسکی بہن گرفتار ,https://express.pk/story/2818249/suspect-and-his-sister-arrested-for-sexually-assaulting-and-videotaping-a-14-year-old-girl-while-taking-narcotics-2818249,https://img.express.pk/logo/facebook-16.webp,N/A,N/A,"['\n                                                        صفحۂ اول\n                                                    ', '\n                                                        تازہ ترین\n                                                    ']"
پریتی زنٹا کو ڈیپ فیک مواد کے معاملے پر عدالتی محاذ میں بڑی کامیابی مل گئی,https://express.pk/story/2818240/deepfake-content-issue-preity-zinta-allowed-to-sue-google-and-meta-2818240,https://img.express.pk/logo/facebook-16.webp,N/A,N/A,"['\n                                                        صفحۂ اول\n                                                    ', '\n                                                        تازہ ترین\n                                                    ']"
جنوبی کوریا: آن لائن شاپنگ کی لت میں مبتلا افراد کیلئے انوکھا اقدام,https://express.pk/story/2817970/south-koreas-help-shopping-addicts-2817970,https://img.express.pk/logo/facebook-16.webp,N/A,N/A,"['\n                                                        صفحۂ اول\n                                                    ', '\n                                                        تازہ ترین\n                                                    ']"
تم چُپ رہو، اقوام متحدہ میں اسرائیلی سفیر نے مسلح تنازعات میں جنسی تشدد کی نمائندہ کو خاموش کرادیا,https://www.express.pk/story/2818387/israeli-envoy-shouts-be-quiet-at-un-official-during-sexual-violence-in-conflict-event-2818387,https://img.express.pk/logo/facebook-16.webp,N/A,N/A,"['\n                                                        صفحۂ اول\n                                                    ', '\n                                                        تازہ ترین\n                                                    ']"
آج کا دن کیسا رہے گا؟,https://www.express.pk/story/2818318/horoscope-how-will-your-day-be-under-the-stars-saturday-june-20-2818318,https://img.express.pk/logo/facebook-16.webp,N/A,N/A,"['\n                                                        صفحۂ اول\n                                                    ', '\n                                                        تازہ ترین\n                                                    ']"
سائنس دانوں نے ایک اور مہلک وائرس سے خبردار کر دیا!,https://express.pk/story/2818313/killer-virus-that-makes-the-body-fold-in-on-itself-2818313,https://img.express.pk/logo/facebook-16.webp,N/A,N/A,"['\n                                                        صفحۂ اول\n                                                    ', '\n                                                        تازہ ترین\n                                                    ']"
اداکارہ زینب رضا کی ڈرامے میں بولڈ ڈریسنگ، مداحوں کی شدید تنقید,https://express.pk/story/2818384/zainab-razas-revealing-outfit-in-drama-rehmat-under-fire-2818384,https://img.express.pk/logo/facebook-16.webp,N/A,N/A,"['\n                                                        صفحۂ اول\n                                                    ', '\n                                                        تازہ ترین\n                                                    ']"
21 سال پرانے فراڈ کیس کا فیصلہ جاری، ہرجانہ 50 لاکھ سے 15 کروڑ ہوگیا,https://www.express.pk/story/2818388/verdict-issued-in-21-year-old-fraud-case-damages-increased-from-rs-5-million-to-rs-150-million-2818388/,https://img.express.pk/logo/facebook-16.webp,N/A,N/A,"['\n                                                        صفحۂ اول\n                                                    ', '\n                                                        تازہ ترین\n                                                    ']"
